Question,Office,Get to know,Couples,Funny,Dirty,Spicy,Premium
Who has the best work-life balance?,TRUE,TRUE,FALSE,FALSE,FALSE,FALSE,FALSE
"Who is most likely to help a coworker in need, even outside of work?",TRUE,FALSE,FALSE,FALSE,FALSE,FALSE,FALSE
Who is most likely to inspire people around them with their positive attitude?,FALSE,FALSE,FALSE,FALSE,FALSE,FALSE,FALSE
Who is the best at staying calm under pressure and in distress?,FALSE,FALSE,FALSE,FALSE,FALSE,FALSE,FALSE
Who has the most unusual hidden talent?,FALSE,TRUE,FALSE,TRUE,FALSE,FALSE,FALSE
Who is most likely to survive a zombie apocalypse?,FALSE,FALSE,FALSE,TRUE,FALSE,FALSE,FALSE
Who has traveled to the most countries?,FALSE,TRUE,FALSE,FALSE,FALSE,FALSE,FALSE
Who has the most adventurous palate and is willing to try any food?,FALSE,TRUE,FALSE,FALSE,FALSE,FALSE,FALSE
Who has the most contagious laugh?,TRUE,TRUE,FALSE,FALSE,FALSE,FALSE,FALSE
Who has the most impressive collection of something?,FALSE,TRUE,FALSE,TRUE,FALSE,FALSE,FALSE
Who would make the best reality TV show contestant?,FALSE,FALSE,FALSE,TRUE,FALSE,FALSE,FALSE
Who has the most interesting or unique hobby?,FALSE,TRUE,FALSE,FALSE,FALSE,FALSE,FALSE
Who has the most unique taste in music?,FALSE,TRUE,FALSE,FALSE,FALSE,FALSE,FALSE
Who would be the most likely to write a best-selling book?,FALSE,TRUE,FALSE,TRUE,FALSE,FALSE,FALSE
Who has the most memorable or craziest party story?,FALSE,TRUE,FALSE,TRUE,FALSE,FALSE,FALSE
Who is the most likely to become a famous influencer or YouTuber?,FALSE,TRUE,FALSE,TRUE,FALSE,FALSE,FALSE
Who has the most inspiring or heartwarming life story?,FALSE,TRUE,FALSE,FALSE,FALSE,FALSE,FALSE
Who has the most creative or innovative ideas?,FALSE,TRUE,FALSE,FALSE,FALSE,FALSE,FALSE
Who would be the best at solving a complex puzzle or mystery?,FALSE,TRUE,FALSE,TRUE,FALSE,FALSE,FALSE
Who has the strongest or most unique sense of fashion?,FALSE,TRUE,FALSE,FALSE,FALSE,FALSE,FALSE
Who is the most likely to break a world record?,FALSE,TRUE,FALSE,FALSE,FALSE,FALSE,FALSE
Who has the most interesting or unexpected celebrity encounter story?,FALSE,TRUE,FALSE,FALSE,FALSE,FALSE,FALSE
Who would make the best motivational speaker?,FALSE,TRUE,FALSE,FALSE,FALSE,FALSE,FALSE
Who has the most impressive or unusual party trick?,FALSE,TRUE,FALSE,FALSE,FALSE,FALSE,FALSE
Who would be the most successful entrepreneur?,FALSE,TRUE,FALSE,FALSE,FALSE,FALSE,FALSE
Who has the most interesting or unique family tradition?,FALSE,TRUE,FALSE,FALSE,FALSE,FALSE,FALSE
Who has the most valuable or meaningful piece of advice they've ever received?,FALSE,TRUE,FALSE,FALSE,FALSE,FALSE,FALSE
Who has the most heartwarming or memorable act of kindness they've ever experienced or witnessed?,FALSE,TRUE,FALSE,FALSE,FALSE,FALSE,FALSE
Who has the most interesting or unusual dream or goal they'd like to achieve?,FALSE,TRUE,FALSE,FALSE,FALSE,FALSE,FALSE
Who would make the best detective or investigator?,FALSE,TRUE,FALSE,TRUE,FALSE,FALSE,FALSE
Who has the most memorable or hilarious childhood memory?,FALSE,TRUE,FALSE,FALSE,FALSE,FALSE,FALSE
Who has the most impressive or unexpected skill or ability?,FALSE,TRUE,FALSE,FALSE,FALSE,FALSE,FALSE
Who has the most creative DIY project they've completed?,FALSE,TRUE,FALSE,FALSE,FALSE,FALSE,FALSE
Who has the most interesting family tradition?,FALSE,TRUE,FALSE,FALSE,FALSE,FALSE,FALSE
Who has the most unusual phobia?,FALSE,TRUE,FALSE,FALSE,FALSE,FALSE,FALSE
Who would be the most likely to start their own business?,TRUE,TRUE,FALSE,FALSE,FALSE,FALSE,FALSE
Who has the most unexpected guilty pleasure?,FALSE,TRUE,FALSE,TRUE,FALSE,FALSE,FALSE
Who has the most intriguing dream they can remember?,FALSE,TRUE,FALSE,FALSE,FALSE,FALSE,FALSE
Who has the most inspiring personal transformation story?,FALSE,TRUE,FALSE,FALSE,FALSE,FALSE,FALSE
Who has the most unique pet or has had the most unique pet in the past?,FALSE,TRUE,FALSE,TRUE,FALSE,FALSE,FALSE
Who would be the best at organizing a surprise party?,FALSE,TRUE,FALSE,FALSE,FALSE,FALSE,FALSE
Who has the most captivating story about a random act of kindness they've experienced?,FALSE,TRUE,FALSE,FALSE,FALSE,FALSE,FALSE
Who has the most interesting job or career path?,FALSE,TRUE,FALSE,FALSE,FALSE,FALSE,FALSE
Who has the most memorable first date story?,FALSE,TRUE,FALSE,FALSE,FALSE,FALSE,FALSE
Who has the most impressive athletic achievement?,FALSE,TRUE,FALSE,FALSE,FALSE,FALSE,FALSE
Who has the most surprising celebrity crush?,FALSE,TRUE,FALSE,TRUE,FALSE,FALSE,FALSE
Who would be the best at giving a TED Talk on a random topic?,FALSE,TRUE,FALSE,FALSE,FALSE,FALSE,FALSE
Who has the most unexpected hidden knowledge or expertise in a specific subject?,FALSE,TRUE,FALSE,FALSE,FALSE,FALSE,FALSE
Who has the most interesting or unusual item they can't live without?,FALSE,TRUE,FALSE,TRUE,FALSE,FALSE,FALSE
Who would be the best at surviving on a deserted island and why?,FALSE,TRUE,FALSE,TRUE,FALSE,FALSE,FALSE
Who has faced the biggest personal challenge and came out stronger?,FALSE,TRUE,FALSE,FALSE,FALSE,FALSE,FALSE
Who has the most unique and interesting family traditions?,FALSE,TRUE,FALSE,FALSE,FALSE,FALSE,FALSE
Who would be the most likely to volunteer for a one-way trip to Mars?,FALSE,TRUE,FALSE,TRUE,FALSE,FALSE,FALSE
"Who would you trust the most with a deep, personal secret?",FALSE,TRUE,FALSE,FALSE,FALSE,FALSE,FALSE
Who has had the most significant personal growth in the past year?,TRUE,TRUE,FALSE,FALSE,FALSE,FALSE,FALSE
Who has the most unusual hobby or interest?,FALSE,TRUE,FALSE,FALSE,FALSE,FALSE,FALSE
Who has the most adventurous spirit?,FALSE,TRUE,FALSE,FALSE,FALSE,FALSE,FALSE
Who has overcome the greatest fear?,FALSE,TRUE,FALSE,FALSE,FALSE,FALSE,FALSE
Who has the strongest intuition or gut instincts?,FALSE,TRUE,FALSE,FALSE,FALSE,FALSE,FALSE
Who would you choose as a mentor or life coach?,TRUE,TRUE,FALSE,FALSE,FALSE,FALSE,FALSE
Who has the most infectious laugh or sense of humor?,TRUE,TRUE,FALSE,FALSE,FALSE,FALSE,FALSE
Who has the most impressive hidden skill or talent?,FALSE,TRUE,FALSE,FALSE,FALSE,FALSE,FALSE
Who has the most profound appreciation for art or music?,FALSE,TRUE,FALSE,FALSE,FALSE,FALSE,FALSE
Who has the strongest moral compass?,FALSE,TRUE,FALSE,FALSE,FALSE,FALSE,FALSE
Who has the most interesting or unusual job or career path?,TRUE,TRUE,FALSE,FALSE,FALSE,FALSE,FALSE
Who has the most compelling reason for choosing their current profession?,TRUE,TRUE,FALSE,FALSE,FALSE,FALSE,FALSE
Who has the most diverse range of interests or hobbies?,FALSE,TRUE,FALSE,FALSE,FALSE,FALSE,FALSE
Who has the most vivid or memorable dreams?,FALSE,TRUE,FALSE,FALSE,FALSE,FALSE,FALSE
Who has the strongest sense of empathy or compassion?,FALSE,TRUE,FALSE,FALSE,FALSE,FALSE,FALSE
Who has the most interesting or unusual travel experience?,FALSE,TRUE,FALSE,FALSE,FALSE,FALSE,FALSE
Who has the most impressive memory or recall ability?,TRUE,TRUE,FALSE,FALSE,FALSE,FALSE,FALSE
Who has the most unique or unexpected friendship?,FALSE,TRUE,FALSE,FALSE,FALSE,FALSE,FALSE
Who has the most profound or meaningful spiritual beliefs?,FALSE,TRUE,FALSE,FALSE,FALSE,FALSE,FALSE
Who has the most intriguing or mysterious past?,FALSE,TRUE,FALSE,FALSE,FALSE,FALSE,FALSE
Who has the most powerful or moving personal philosophy?,FALSE,TRUE,FALSE,FALSE,FALSE,FALSE,FALSE
Who has the most surprising or unexpected connection to a famous person or event?,FALSE,TRUE,FALSE,FALSE,FALSE,FALSE,FALSE
Who is most likely to survive in the wild without any modern conveniences?,FALSE,TRUE,FALSE,FALSE,FALSE,FALSE,FALSE
Who is thebiggest risk-taker?,TRUE,TRUE,FALSE,FALSE,FALSE,FALSE,FALSE
Who is themost likely to become a famous celebrity?,FALSE,TRUE,FALSE,TRUE,FALSE,FALSE,FALSE
Who is thebest dancer?,FALSE,TRUE,FALSE,TRUE,FALSE,FALSE,FALSE
Who is themost likely to win a Nobel Prize?,FALSE,TRUE,FALSE,FALSE,FALSE,FALSE,FALSE
Who is themost likely to become a millionaire?,FALSE,TRUE,FALSE,FALSE,FALSE,FALSE,FALSE
Who is themost organized person?,TRUE,TRUE,FALSE,FALSE,FALSE,FALSE,FALSE
Who is thebest cook/chef?,FALSE,TRUE,FALSE,FALSE,FALSE,FALSE,FALSE
Who is the most likely to travel the world extensively?,FALSE,TRUE,FALSE,FALSE,FALSE,FALSE,FALSE
Who would be the one with the most debt?,FALSE,TRUE,FALSE,FALSE,FALSE,FALSE,FALSE
Who is the most likely to binge-watch an entire TV series in one day?,FALSE,TRUE,FALSE,TRUE,FALSE,FALSE,FALSE
Who is thebest secret keeper?,FALSE,TRUE,FALSE,FALSE,FALSE,FALSE,FALSE
Who is themost likely to win a game show?,FALSE,TRUE,FALSE,FALSE,FALSE,FALSE,FALSE
Who would have the shortest survival time on a desert island?,FALSE,TRUE,FALSE,TRUE,FALSE,FALSE,FALSE
Who is the best problem solver?,FALSE,TRUE,FALSE,FALSE,FALSE,FALSE,FALSE
Who is the most likely to win a game of poker?,FALSE,TRUE,FALSE,FALSE,FALSE,FALSE,FALSE
Who is the most likely to skydive?,FALSE,TRUE,FALSE,FALSE,FALSE,FALSE,FALSE
Who is the most likely to become a famous author?,FALSE,TRUE,FALSE,FALSE,FALSE,FALSE,FALSE
Who is the best karaoke singer?,FALSE,TRUE,FALSE,FALSE,FALSE,FALSE,FALSE
Who is most likely to get hungry in the middle of the night?,FALSE,TRUE,FALSE,TRUE,FALSE,FALSE,FALSE
Who is most likely to remain asleep while the alarm is blaring?,FALSE,TRUE,FALSE,FALSE,FALSE,FALSE,FALSE
Who is most likely to replace salt with sugar while cooking?,FALSE,TRUE,FALSE,TRUE,FALSE,FALSE,FALSE
Who is most likely to sleep while brushing their teeth?,FALSE,TRUE,FALSE,TRUE,FALSE,FALSE,FALSE
Who is most likely to snore while sleeping?,FALSE,TRUE,FALSE,FALSE,FALSE,FALSE,FALSE
Who is most likely to be the most scared while watching a horror movie?,FALSE,TRUE,FALSE,FALSE,FALSE,FALSE,FALSE
Who is most likely to join a street gang?,FALSE,TRUE,FALSE,FALSE,FALSE,FALSE,FALSE
Who is the most likely to spread gossip?,FALSE,TRUE,FALSE,FALSE,FALSE,FALSE,FALSE
Who is most likely to cheat on a test and get caught?,FALSE,TRUE,FALSE,TRUE,FALSE,FALSE,FALSE
Who is most likely to be on the news for scam?,FALSE,TRUE,FALSE,FALSE,FALSE,FALSE,FALSE
Who is most likely to forget where they parked their car?,FALSE,TRUE,FALSE,TRUE,FALSE,FALSE,FALSE
Who is most likely to get Hangry (Hungry + angry)?,FALSE,TRUE,FALSE,TRUE,FALSE,FALSE,FALSE
Who is most likely to call the restaurant manager to complain during a meal?,FALSE,TRUE,FALSE,FALSE,FALSE,FALSE,FALSE
Who is most likely to forget their car keys inside their car?,FALSE,TRUE,FALSE,FALSE,FALSE,FALSE,FALSE
Who is most likely to click on a spam ad pop-up on the internet?,FALSE,TRUE,FALSE,FALSE,FALSE,FALSE,FALSE
Who is most likely to get drunk after one drink?,FALSE,TRUE,FALSE,TRUE,FALSE,FALSE,FALSE
Who is most likely to tell a joke that gets them into trouble?,TRUE,TRUE,FALSE,FALSE,FALSE,FALSE,FALSE
Who is most likely to stay up all night scrolling on their phone?,FALSE,TRUE,FALSE,FALSE,FALSE,FALSE,FALSE
Who is most likely to disappear for a year?,FALSE,TRUE,FALSE,TRUE,FALSE,FALSE,FALSE
Who is most likely to take the day off after partying the previous night?,FALSE,TRUE,FALSE,FALSE,FALSE,FALSE,FALSE
Who is most likely to show up at work drunk?,TRUE,TRUE,FALSE,TRUE,FALSE,FALSE,FALSE
Who is most likely to have a side hustle?,FALSE,TRUE,FALSE,FALSE,FALSE,FALSE,FALSE
Who is most likely to forget to text back?,FALSE,TRUE,TRUE,FALSE,FALSE,FALSE,FALSE
Who is most likely to embarrass you in front of your parents?,FALSE,TRUE,FALSE,FALSE,FALSE,FALSE,FALSE
Who is most likely to make you laugh when you are sad?,FALSE,TRUE,FALSE,FALSE,FALSE,FALSE,FALSE
Who is most likely to pick up your calls in the middle of the night?,FALSE,TRUE,FALSE,FALSE,FALSE,FALSE,FALSE
Who is most likely to send memes and GIFs to you everyday?,FALSE,TRUE,FALSE,TRUE,FALSE,FALSE,FALSE
Who is most likely to bake you a birthday cake?,FALSE,TRUE,FALSE,FALSE,FALSE,FALSE,FALSE
Who is most likely to cancel on their friends without a proper reason?,FALSE,TRUE,FALSE,FALSE,FALSE,FALSE,FALSE
Who is most likely to do TikTok dance videos with you?,FALSE,TRUE,FALSE,TRUE,FALSE,FALSE,FALSE
Who is most likely to keep a friend's secret?,FALSE,TRUE,FALSE,FALSE,FALSE,FALSE,FALSE
Who is most likely to tell the most lame jokes?,FALSE,TRUE,FALSE,FALSE,FALSE,FALSE,FALSE
Who is most likely to be the best liar?,FALSE,TRUE,FALSE,FALSE,FALSE,FALSE,FALSE
Who is most likely to give you a nickname?,FALSE,TRUE,FALSE,FALSE,FALSE,FALSE,FALSE
Who is most likely to be asked for ID at age 35?,FALSE,TRUE,FALSE,TRUE,FALSE,FALSE,FALSE
Who is most likely to forget your birthday?,FALSE,TRUE,FALSE,FALSE,FALSE,FALSE,FALSE
Who is most likely to text back immediately?,FALSE,TRUE,FALSE,FALSE,FALSE,FALSE,FALSE
Who is most likely to be a cool parent?,FALSE,TRUE,FALSE,FALSE,FALSE,FALSE,FALSE
Who is most likely to spend all their money on clothes?,FALSE,TRUE,FALSE,FALSE,FALSE,FALSE,FALSE
Who is most likely to save you from a bad date?,FALSE,TRUE,FALSE,FALSE,FALSE,FALSE,FALSE
Who is most likely to tell you to leave a bad relationship behind?,FALSE,TRUE,FALSE,FALSE,FALSE,FALSE,FALSE
Who is most likely to have the best snacks?,FALSE,TRUE,FALSE,FALSE,FALSE,FALSE,FALSE
Who is most likely to have the best dance moves at a party?,FALSE,TRUE,FALSE,TRUE,FALSE,FALSE,FALSE
Who is most likely to be an awesome DJ?,FALSE,TRUE,FALSE,FALSE,FALSE,FALSE,FALSE
Who is most likely to get caught texting their ex?,FALSE,TRUE,FALSE,FALSE,FALSE,FALSE,FALSE
Who is most likely to sing in the shower?,FALSE,TRUE,FALSE,TRUE,FALSE,FALSE,FALSE
Who is most likely to travel with you to Europe?,FALSE,TRUE,FALSE,FALSE,FALSE,FALSE,FALSE
Who is most likely to move in with you?,FALSE,TRUE,FALSE,FALSE,FALSE,FALSE,FALSE
Who is most likely to cook your favorite meals for you?,FALSE,TRUE,FALSE,FALSE,FALSE,FALSE,FALSE
Who is most likely to get you the best birthday gift?,FALSE,TRUE,FALSE,FALSE,FALSE,FALSE,FALSE
Who is most likely to treat your house like it's their house?,FALSE,TRUE,FALSE,FALSE,FALSE,FALSE,FALSE
Who is most likely to get along better with your parents?,FALSE,TRUE,FALSE,FALSE,FALSE,FALSE,FALSE
Who is most likely to watch a horror movie by themselves at night?,FALSE,TRUE,FALSE,FALSE,FALSE,FALSE,FALSE
Who is the most likely to adopt multiple pets?,FALSE,TRUE,FALSE,FALSE,FALSE,FALSE,FALSE
Who is the most likely to win an Olympic gold medal?,FALSE,TRUE,FALSE,FALSE,FALSE,FALSE,FALSE
Who is the most likely to become a social media influencer?,FALSE,TRUE,FALSE,FALSE,FALSE,FALSE,FALSE
Who is the most likely to win a marathon?,FALSE,TRUE,FALSE,FALSE,FALSE,FALSE,FALSE
Who is the most likely to win a hot dog eating contest?,FALSE,TRUE,FALSE,TRUE,FALSE,FALSE,FALSE
Who is the most likely to become a world-class athlete in any sport?,FALSE,TRUE,FALSE,FALSE,FALSE,FALSE,FALSE
Who is the most likely to become a famous stand-up comedian?,FALSE,TRUE,FALSE,FALSE,FALSE,FALSE,FALSE
Who is the most likely to become a famous scientist?,FALSE,TRUE,FALSE,FALSE,FALSE,FALSE,FALSE
Who is the most likely to become a famous political leader?,FALSE,TRUE,FALSE,FALSE,FALSE,FALSE,FALSE
Who is the most likely to win a game of chess against a grandmaster?,FALSE,TRUE,FALSE,FALSE,FALSE,FALSE,FALSE
Who is the most likely to become a professional photographer?,FALSE,TRUE,FALSE,FALSE,FALSE,FALSE,FALSE
Who is the most likely to become a famous motivational speaker?,FALSE,TRUE,FALSE,FALSE,FALSE,FALSE,FALSE
Who is the most likely to invent a groundbreaking technology?,FALSE,TRUE,FALSE,FALSE,FALSE,FALSE,FALSE
Who is the most likely to be a professional athlete in an unconventional sport?,FALSE,TRUE,FALSE,FALSE,FALSE,FALSE,FALSE
Who would struggle the most when it comes to assembling a bookcase from IKEA?,FALSE,TRUE,FALSE,FALSE,FALSE,FALSE,FALSE
Who has the most seductive voice?,FALSE,FALSE,FALSE,FALSE,FALSE,TRUE,FALSE
Who would be the best at giving a sensual massage?,FALSE,FALSE,FALSE,FALSE,FALSE,TRUE,FALSE
Who has the most attractive smile?,FALSE,TRUE,FALSE,FALSE,FALSE,TRUE,FALSE
Who has the most irresistible eyes?,FALSE,FALSE,FALSE,FALSE,FALSE,TRUE,FALSE
Who is the most likely to have a secret admirer?,FALSE,TRUE,FALSE,FALSE,FALSE,TRUE,FALSE
Who has the most alluring dance moves?,FALSE,FALSE,FALSE,FALSE,FALSE,TRUE,FALSE
Who would be the most likely to try role-playing in the bedroom?,FALSE,FALSE,FALSE,FALSE,FALSE,TRUE,FALSE
Who has the most captivating scent?,FALSE,FALSE,FALSE,FALSE,FALSE,TRUE,FALSE
Who is the most likely to write or receive a steamy love letter?,FALSE,FALSE,FALSE,FALSE,FALSE,TRUE,FALSE
Who has the most enticing style of flirting?,FALSE,FALSE,FALSE,FALSE,FALSE,TRUE,FALSE
Who would be the most likely to star in a romantic movie?,FALSE,FALSE,FALSE,FALSE,FALSE,TRUE,FALSE
Who has the most intriguing dating history?,FALSE,FALSE,FALSE,FALSE,FALSE,TRUE,FALSE
Who is the most likely to have a passionate secret romance?,FALSE,FALSE,FALSE,FALSE,FALSE,TRUE,FALSE
Who has the most magnetic personality?,FALSE,FALSE,FALSE,FALSE,FALSE,TRUE,FALSE
Who is the most likely to have a sexy hidden talent?,FALSE,FALSE,FALSE,FALSE,FALSE,TRUE,FALSE
Who would be the most likely to try a daring new experience with a partner?,FALSE,FALSE,FALSE,FALSE,FALSE,TRUE,FALSE
Who has the most tempting guilty pleasure?,FALSE,FALSE,FALSE,FALSE,FALSE,TRUE,FALSE
Who is the most likely to leave someone breathless with a single touch?,FALSE,FALSE,FALSE,FALSE,FALSE,TRUE,FALSE
Who has the most unforgettable kiss?,FALSE,FALSE,FALSE,FALSE,FALSE,TRUE,TRUE
Who would be the most likely to have a steamy love scene in a novel written about them?,FALSE,FALSE,FALSE,FALSE,FALSE,TRUE,TRUE
Who is most likely to leave a trail of rose petals leading to the bedroom?,FALSE,FALSE,FALSE,FALSE,FALSE,TRUE,TRUE
Who would be the most adventurous in trying new things in the bedroom?,FALSE,FALSE,FALSE,FALSE,FALSE,TRUE,TRUE
Who has the most attractive body language?,FALSE,FALSE,FALSE,FALSE,FALSE,TRUE,TRUE
Who would be the best at whispering sweet nothings in someone's ear?,FALSE,FALSE,FALSE,FALSE,FALSE,TRUE,TRUE
Who has the most appealing sense of humor when it comes to flirting?,FALSE,FALSE,FALSE,FALSE,FALSE,TRUE,TRUE
Who would be the most likely to have a secret crush on a friend?,FALSE,FALSE,FALSE,FALSE,FALSE,TRUE,TRUE
Who is the most likely to give or receive a passionate surprise?,FALSE,FALSE,FALSE,FALSE,FALSE,TRUE,TRUE
Who has the most enticing way of making eye contact?,FALSE,FALSE,FALSE,FALSE,FALSE,TRUE,TRUE
Who would be the most likely to leave a sexy note for their partner to find?,FALSE,FALSE,FALSE,FALSE,FALSE,TRUE,TRUE
Who has the most captivating way of telling a romantic story?,FALSE,FALSE,FALSE,FALSE,FALSE,TRUE,TRUE
Who is the most likely to plan a spontaneous romantic getaway?,FALSE,FALSE,FALSE,FALSE,FALSE,TRUE,TRUE
Who has the most irresistible charm?,FALSE,FALSE,FALSE,FALSE,FALSE,TRUE,TRUE
Who is the most likely to have a steamy encounter on a first date?,FALSE,FALSE,FALSE,FALSE,FALSE,TRUE,TRUE
Who has the most enticing taste in music for setting the mood?,FALSE,FALSE,FALSE,FALSE,FALSE,TRUE,TRUE
Who is the most likely to have a secret fantasy they've never shared with anyone?,FALSE,FALSE,FALSE,FALSE,FALSE,TRUE,TRUE
Who would be the most likely to give a partner a sexy nickname?,FALSE,FALSE,FALSE,FALSE,FALSE,TRUE,TRUE
Who has the most attractive way of walking?,FALSE,TRUE,FALSE,FALSE,FALSE,TRUE,TRUE
Who is the most likely to have a passionate encounter in an unexpected place?,FALSE,FALSE,FALSE,FALSE,FALSE,TRUE,FALSE
Who has the most memorable way of saying goodbye after a romantic evening?,FALSE,FALSE,FALSE,FALSE,FALSE,TRUE,FALSE
Who would be the most likely to have a love affair that turns into a lifelong partnership?,FALSE,FALSE,FALSE,FALSE,FALSE,TRUE,FALSE
Who is the most likely to experiment with sexy costumes or outfits?,FALSE,FALSE,FALSE,FALSE,FALSE,TRUE,FALSE
Who has the most attractive body language?,FALSE,TRUE,FALSE,FALSE,FALSE,FALSE,FALSE
Who would be the most likely to get caught in a risky situation?,FALSE,TRUE,FALSE,FALSE,FALSE,FALSE,FALSE
Who has the most suggestive sense of humor?,TRUE,TRUE,FALSE,FALSE,FALSE,FALSE,FALSE
Who is the most likely to have a sexy dream about someone they know?,FALSE,FALSE,FALSE,FALSE,FALSE,TRUE,FALSE
Who has the most tempting lips?,FALSE,FALSE,FALSE,FALSE,FALSE,TRUE,FALSE
Who would be the most likely to leave a trail of rose petals to the bedroom?,FALSE,FALSE,FALSE,FALSE,FALSE,TRUE,FALSE
Who has the most enticing walk?,FALSE,FALSE,FALSE,TRUE,FALSE,TRUE,FALSE
Who is the most likely to try a sensual new food or drink with a partner?,FALSE,FALSE,TRUE,FALSE,FALSE,TRUE,FALSE
Who has the most captivating way of whispering in someone's ear?,FALSE,FALSE,FALSE,FALSE,FALSE,TRUE,FALSE
Who would be the most likely to read or write erotic literature?,FALSE,FALSE,FALSE,FALSE,FALSE,TRUE,FALSE
Who is the most likely to surprise their partner with a sexy getaway?,FALSE,FALSE,FALSE,FALSE,FALSE,TRUE,FALSE
Who has the most irresistible charm?,FALSE,FALSE,FALSE,TRUE,FALSE,TRUE,FALSE
Who is the most likely to initiate a steamy game of truth or dare?,FALSE,FALSE,FALSE,TRUE,FALSE,FALSE,FALSE
Who would be the most likely to master the art of seduction?,FALSE,TRUE,FALSE,TRUE,TRUE,FALSE,TRUE
Who has the most enticing taste in music for setting the mood?,FALSE,TRUE,FALSE,FALSE,FALSE,FALSE,TRUE
Who is the most likely to leave a sexy note or text for their partner to find?,FALSE,FALSE,FALSE,FALSE,FALSE,TRUE,TRUE
Who has the most intriguing collection of lingerie or intimate wear?,FALSE,FALSE,FALSE,FALSE,FALSE,TRUE,TRUE
Who would be the most likely to share a passionate dance under the moonlight?,FALSE,TRUE,FALSE,FALSE,FALSE,FALSE,TRUE
Who is the most likely to pee at the shower?,FALSE,FALSE,FALSE,FALSE,TRUE,FALSE,TRUE
Who is most likely to give their kid a pretty terrible name?,FALSE,TRUE,FALSE,FALSE,FALSE,FALSE,TRUE
Who is most likely to talk while dreaming?,FALSE,TRUE,FALSE,FALSE,FALSE,FALSE,TRUE
Who is most likely to fart in an elevator full of people?,FALSE,TRUE,FALSE,FALSE,FALSE,FALSE,TRUE
Who is most likely to have gotten suspended from school?,FALSE,TRUE,FALSE,FALSE,FALSE,FALSE,TRUE
Who is most likely to get into a bar fight?,FALSE,TRUE,FALSE,FALSE,FALSE,FALSE,TRUE
Who is most likely to forget to flush the toilet?,FALSE,TRUE,FALSE,FALSE,FALSE,FALSE,TRUE
Who is most likely to eat something off the floor?,FALSE,TRUE,FALSE,FALSE,FALSE,FALSE,TRUE
Who is most likely to take a ride from a stranger?,FALSE,TRUE,FALSE,FALSE,FALSE,FALSE,FALSE
Who is most likely to get into an argument with a little kid?,FALSE,TRUE,FALSE,FALSE,FALSE,FALSE,FALSE
Who is most likely to eat food that doesn't belong to them?,TRUE,TRUE,FALSE,FALSE,FALSE,FALSE,FALSE
Who is most likely to get into a fight on the internet?,FALSE,TRUE,FALSE,FALSE,FALSE,FALSE,FALSE
Who is most likely to eat pop tarts for breakfast?,FALSE,TRUE,FALSE,FALSE,FALSE,FALSE,FALSE
Who is most likely to pick their nose when they think nobody is watching?,FALSE,TRUE,FALSE,FALSE,TRUE,FALSE,FALSE
Who is most likely to crack dirty jokes and make everyone uncomfortable?,FALSE,TRUE,FALSE,FALSE,FALSE,FALSE,FALSE
Who is most likely to be drinking at 3:00 pm?,FALSE,TRUE,FALSE,FALSE,FALSE,FALSE,FALSE
Who is most likely to snack late at night?,FALSE,TRUE,FALSE,FALSE,FALSE,FALSE,FALSE
Who is most likely to eat weird food combinations?,FALSE,TRUE,FALSE,TRUE,FALSE,FALSE,FALSE
Who is most likely to lick their plate after a meal?,FALSE,FALSE,FALSE,FALSE,TRUE,FALSE,FALSE
Who is most likely to burp in a crowd?,FALSE,FALSE,FALSE,FALSE,TRUE,FALSE,FALSE
Who is most likely to try eating cat food?,FALSE,FALSE,FALSE,FALSE,TRUE,FALSE,FALSE
Who is most likely to forget wearing underwear?,FALSE,FALSE,FALSE,FALSE,TRUE,FALSE,FALSE
Who is most likely to eat something alive?,FALSE,FALSE,FALSE,FALSE,TRUE,FALSE,FALSE
Who is most likely to kiss a frog?,FALSE,FALSE,FALSE,FALSE,TRUE,FALSE,FALSE
Who is most likely to try the weird things in public?,FALSE,FALSE,FALSE,TRUE,TRUE,FALSE,FALSE
Who is most likely not to take a bath for days?,FALSE,FALSE,FALSE,FALSE,TRUE,FALSE,FALSE
Who is most likely to get arrested for a dare in public?,FALSE,FALSE,FALSE,FALSE,TRUE,FALSE,FALSE
Who is most likely to be hungover at a church service?,FALSE,FALSE,FALSE,FALSE,TRUE,FALSE,FALSE
Who is most likely to get kicked out of a theater?,FALSE,FALSE,FALSE,TRUE,FALSE,FALSE,FALSE
Who is most likely to swear in front of a kid?,FALSE,FALSE,FALSE,FALSE,TRUE,FALSE,FALSE
Who is most likely to have the most parking tickets?,FALSE,FALSE,FALSE,TRUE,FALSE,FALSE,FALSE
Who is most likely to stalk their favorite celebrity?,FALSE,FALSE,FALSE,FALSE,TRUE,FALSE,FALSE
Who is most likely to eat something gross?,FALSE,FALSE,FALSE,TRUE,FALSE,FALSE,FALSE
Who is most likely to laugh during a serious moment?,FALSE,FALSE,FALSE,TRUE,FALSE,FALSE,FALSE
Who is most likely to crush on a celebrity?,FALSE,FALSE,FALSE,TRUE,FALSE,FALSE,FALSE
Who is most likely to end up doing household chores?,FALSE,FALSE,FALSE,TRUE,FALSE,FALSE,FALSE
Who is most likely to walk-around with food stuck in their teeth?,FALSE,FALSE,FALSE,FALSE,TRUE,FALSE,FALSE
Who is most likely to get cranky when hungry?,FALSE,FALSE,FALSE,TRUE,FALSE,FALSE,FALSE
Who is most likely to be a trip planner?,FALSE,FALSE,FALSE,TRUE,FALSE,FALSE,FALSE
Who is most likely to be the one who saves money?,FALSE,FALSE,FALSE,TRUE,FALSE,FALSE,FALSE
Who is most likely to plan the future?,FALSE,FALSE,FALSE,TRUE,FALSE,FALSE,FALSE
Who is most likely to be the messy one?,FALSE,FALSE,FALSE,TRUE,FALSE,FALSE,TRUE
Who's most likely to binge-watch an entire show in a day?,FALSE,FALSE,FALSE,TRUE,FALSE,FALSE,TRUE
Who is most likely to forget to buy the groceries?,FALSE,FALSE,FALSE,TRUE,FALSE,FALSE,TRUE
Who is most likely to spend money on expensive snacks?,FALSE,FALSE,FALSE,TRUE,FALSE,FALSE,TRUE
Who is most likely to eat all the popcorn while watching a movie?,FALSE,FALSE,FALSE,TRUE,FALSE,FALSE,TRUE
Who is most likely to talk in the movie theater during a movie?,FALSE,FALSE,FALSE,TRUE,FALSE,FALSE,TRUE
Who is most likely to forget their keys at home?,FALSE,FALSE,FALSE,TRUE,FALSE,FALSE,TRUE
Who is most likely to take longer to get ready in the morning?,FALSE,FALSE,FALSE,TRUE,FALSE,FALSE,TRUE
Who is most likely to be more patient?,FALSE,FALSE,FALSE,TRUE,FALSE,FALSE,TRUE
Who is most likely to be more romantic?,FALSE,FALSE,FALSE,FALSE,TRUE,FALSE,TRUE
Who is most likely to take the entire bed while sleeping?,FALSE,FALSE,FALSE,TRUE,FALSE,FALSE,TRUE
Who is most likely to be the funny one?,FALSE,FALSE,FALSE,TRUE,FALSE,FALSE,TRUE
Who is most likely to be flirty?,FALSE,FALSE,FALSE,FALSE,TRUE,FALSE,TRUE
Who is most likely to plan an expensive dinner date?,FALSE,FALSE,FALSE,TRUE,FALSE,FALSE,TRUE
Who is most likely to spend their money on something stupid?,FALSE,FALSE,FALSE,TRUE,FALSE,FALSE,FALSE
Who is most likely to remain calm during a storm?,FALSE,FALSE,FALSE,TRUE,FALSE,FALSE,FALSE
Who is most likely to forget to do the dishes?,FALSE,FALSE,FALSE,TRUE,FALSE,FALSE,FALSE
Who is most likely to be a stingy parent?,FALSE,FALSE,FALSE,TRUE,FALSE,FALSE,FALSE
Who is most likely to drop their new phone?,FALSE,FALSE,FALSE,TRUE,FALSE,FALSE,FALSE
Who is more likely to enjoy living alone in the wilderness?,FALSE,FALSE,FALSE,TRUE,FALSE,FALSE,FALSE
Who is most likely to scream at a spider?,FALSE,FALSE,FALSE,TRUE,FALSE,FALSE,FALSE
Who is the most likely to bring homemade treats for the office?,TRUE,FALSE,FALSE,FALSE,FALSE,FALSE,FALSE
Who has the best taste in office decor?,TRUE,FALSE,FALSE,FALSE,FALSE,FALSE,FALSE
Who is the most likely to organize a team-building event?,TRUE,FALSE,FALSE,FALSE,FALSE,FALSE,FALSE
Who is the most likely to stay late to help a coworker with a project?,TRUE,FALSE,FALSE,FALSE,FALSE,FALSE,FALSE
Who is the most likely to come up with a creative solution to a problem?,TRUE,FALSE,FALSE,TRUE,FALSE,FALSE,FALSE
Who has the best taste in office-appropriate attire?,TRUE,FALSE,FALSE,FALSE,FALSE,FALSE,FALSE
Who is the most likely to befriend a new coworker?,TRUE,FALSE,FALSE,FALSE,FALSE,FALSE,FALSE
Who is the most likely to volunteer for extra responsibilities?,TRUE,FALSE,FALSE,FALSE,FALSE,FALSE,FALSE
Who has the most organized workspace?,TRUE,FALSE,FALSE,FALSE,FALSE,FALSE,FALSE
Who is the most likely to start a workplace wellness initiative?,TRUE,FALSE,FALSE,FALSE,FALSE,FALSE,FALSE
Who is the most likely to win an award for their work performance?,TRUE,FALSE,FALSE,FALSE,FALSE,FALSE,FALSE
Who is the most likely to become a mentor to a junior employee?,TRUE,FALSE,FALSE,FALSE,FALSE,FALSE,FALSE
Who is the most likely to suggest a great lunch spot for the team?,TRUE,FALSE,FALSE,FALSE,FALSE,FALSE,FALSE
Who is the most likely to lead a successful meeting or presentation?,TRUE,FALSE,FALSE,FALSE,FALSE,FALSE,FALSE
"Who is the most likely to share a funny, yet appropriate, joke to lighten the mood?",TRUE,FALSE,FALSE,FALSE,FALSE,FALSE,FALSE
Who is the most likely to start a company sports team or club?,TRUE,FALSE,FALSE,FALSE,FALSE,FALSE,FALSE
Who is the most likely to participate in a charity event on behalf of the company?,TRUE,FALSE,FALSE,FALSE,FALSE,FALSE,FALSE
Who is the most likely to recommend a great book or podcast related to work?,TRUE,FALSE,FALSE,FALSE,FALSE,FALSE,FALSE
Who is the most likely to recommend a great book or podcast?,TRUE,FALSE,FALSE,TRUE,FALSE,FALSE,FALSE
Who is the most likely to come up with a great team name for a company event?,TRUE,FALSE,FALSE,FALSE,FALSE,FALSE,FALSE
Who is the most likely to receive a promotion in the near future?,TRUE,FALSE,FALSE,FALSE,FALSE,FALSE,FALSE
Who is the most likely to start their own successful business?,TRUE,FALSE,FALSE,FALSE,FALSE,FALSE,FALSE
Who has the best work-life balance?,TRUE,FALSE,FALSE,FALSE,FALSE,FALSE,FALSE
"Who is the most likely to help a coworker in need, even outside of work?",TRUE,FALSE,FALSE,FALSE,FALSE,FALSE,FALSE
Who is the most likely to organize a surprise birthday celebration for a coworker?,TRUE,FALSE,FALSE,FALSE,FALSE,FALSE,FALSE
Who is the most likely to find a way to make a mundane task more enjoyable?,TRUE,FALSE,FALSE,FALSE,FALSE,FALSE,FALSE
"Who is the most likely to be a secret office superhero, helping out in small but meaningful ways?",TRUE,FALSE,FALSE,FALSE,FALSE,FALSE,FALSE
Who is the most likely to stay calm and collected during a stressful situation at work?,TRUE,FALSE,FALSE,FALSE,FALSE,FALSE,FALSE
Who is the most likely to inspire others with their positive attitude?,TRUE,FALSE,FALSE,FALSE,FALSE,FALSE,FALSE
Who is the most likely to bring in a plant or flowers to brighten up the office?,TRUE,FALSE,FALSE,FALSE,FALSE,FALSE,FALSE
Who has the most unique hobby?,TRUE,FALSE,FALSE,TRUE,FALSE,FALSE,FALSE
Who is the best at multitasking?,TRUE,TRUE,FALSE,TRUE,FALSE,FALSE,FALSE
Who has traveled to the most countries?,FALSE,FALSE,FALSE,TRUE,FALSE,FALSE,FALSE
Who is the most adventurous eater?,FALSE,FALSE,FALSE,TRUE,FALSE,FALSE,FALSE
Who has the best memory for names?,TRUE,FALSE,FALSE,TRUE,FALSE,FALSE,FALSE
Who is the best at public speaking?,TRUE,FALSE,FALSE,TRUE,FALSE,FALSE,FALSE
Who is the most organized?,TRUE,FALSE,FALSE,TRUE,FALSE,FALSE,FALSE
Who is the best at problem-solving?,TRUE,FALSE,FALSE,TRUE,FALSE,FALSE,FALSE
Who has the most creative ideas?,TRUE,FALSE,FALSE,TRUE,FALSE,FALSE,FALSE
Who is the best at staying calm under pressure?,TRUE,FALSE,FALSE,TRUE,FALSE,FALSE,FALSE
Who is the best at giving presentations?,TRUE,FALSE,FALSE,TRUE,FALSE,FALSE,FALSE
Who has the most impressive professional accomplishment?,TRUE,FALSE,FALSE,TRUE,FALSE,FALSE,FALSE
Who has the most interesting career path?,TRUE,TRUE,FALSE,TRUE,FALSE,FALSE,FALSE
Who has the best taste in music?,FALSE,TRUE,FALSE,TRUE,FALSE,FALSE,FALSE
Who is the most knowledgeable about technology?,FALSE,TRUE,FALSE,TRUE,FALSE,FALSE,FALSE
Who has the best sense of humor?,FALSE,TRUE,FALSE,TRUE,FALSE,FALSE,FALSE
Who is the best at delegating tasks?,TRUE,FALSE,FALSE,FALSE,FALSE,FALSE,FALSE
Who has the most interesting hidden talent?,FALSE,TRUE,FALSE,TRUE,FALSE,FALSE,FALSE
Who is the most environmentally conscious?,TRUE,TRUE,FALSE,TRUE,FALSE,FALSE,FALSE
Who is the most punctual?,TRUE,TRUE,FALSE,FALSE,FALSE,FALSE,FALSE
Who has the most diverse professional network?,TRUE,FALSE,FALSE,FALSE,FALSE,FALSE,FALSE
Who is the most skilled at conflict resolution?,TRUE,TRUE,FALSE,FALSE,FALSE,FALSE,FALSE
Who has the most experience working remotely?,TRUE,FALSE,FALSE,FALSE,FALSE,FALSE,FALSE
Who is the most involved in community service or volunteering?,FALSE,TRUE,FALSE,FALSE,FALSE,FALSE,FALSE
Who has the most interesting morning routine?,FALSE,TRUE,FALSE,TRUE,FALSE,FALSE,FALSE
Who has the most inspiring personal story?,FALSE,TRUE,FALSE,TRUE,FALSE,FALSE,FALSE
Who is most likely to say something inappropriate during a meeting?,TRUE,FALSE,FALSE,TRUE,FALSE,FALSE,FALSE
Who is most likely to be a team player at work?,TRUE,FALSE,FALSE,FALSE,FALSE,FALSE,FALSE
"Who is most likely to call their manager ""mom"" or ""dad""?",TRUE,FALSE,FALSE,TRUE,FALSE,FALSE,FALSE
Who is most likely to ignore a social media request from a coworker?,TRUE,FALSE,FALSE,TRUE,FALSE,FALSE,FALSE
Who is most likely to get praised at work?,TRUE,FALSE,FALSE,TRUE,FALSE,FALSE,FALSE
Who is most likely to get drunk at an office retreat?,TRUE,FALSE,FALSE,TRUE,FALSE,FALSE,FALSE
Who is most likely to have the best Zoom background?,TRUE,FALSE,FALSE,FALSE,FALSE,FALSE,FALSE
Who is most likely to win a random game you're playing for the first time?,FALSE,FALSE,FALSE,TRUE,FALSE,FALSE,FALSE
Who is most likely to keep talking with their mic off during a virtual meeting?,TRUE,FALSE,FALSE,FALSE,FALSE,FALSE,FALSE
Who is most likely to lie at a job interview?,TRUE,FALSE,FALSE,TRUE,FALSE,FALSE,FALSE
Who is most likely to have the most unread work emails?,TRUE,FALSE,FALSE,FALSE,FALSE,FALSE,FALSE
Who is most likely to be the office gossip?,TRUE,FALSE,FALSE,FALSE,FALSE,FALSE,FALSE
Who is most likely to take the most sick days?,TRUE,FALSE,FALSE,FALSE,FALSE,FALSE,FALSE
Who is most likely to fall asleep during a meeting?,TRUE,FALSE,FALSE,TRUE,FALSE,FALSE,FALSE
Who is most likely to come to work in pajamas?,TRUE,FALSE,FALSE,TRUE,FALSE,FALSE,FALSE
Who is most likely to work from home in their bed?,TRUE,FALSE,FALSE,TRUE,FALSE,FALSE,FALSE
Who is most likely to have the biggest snack drawer?,TRUE,FALSE,FALSE,TRUE,FALSE,FALSE,FALSE
Who is most likely to make everyone laugh during a meeting?,TRUE,FALSE,FALSE,TRUE,FALSE,FALSE,FALSE
Who is most likely to plan a team outing?,TRUE,FALSE,FALSE,FALSE,FALSE,FALSE,FALSE
Who is most likely to save their work only to lose it all?,TRUE,FALSE,FALSE,FALSE,FALSE,FALSE,FALSE
Who is most likely to make friends with everyone at work?,TRUE,FALSE,FALSE,FALSE,FALSE,FALSE,FALSE
Who is most likely to be the CEO one day?,TRUE,FALSE,FALSE,FALSE,FALSE,FALSE,FALSE
Who is most likely to forget to turn off the mic during a Zoom call?,TRUE,FALSE,FALSE,TRUE,FALSE,FALSE,FALSE
Who is most likely to reply to Slack messages with GIFs?,TRUE,FALSE,FALSE,FALSE,FALSE,FALSE,FALSE
"Who is most likely to accidentally send ""love you"" to a client?",TRUE,FALSE,FALSE,FALSE,FALSE,FALSE,FALSE
Who is more likely to cook a candlelit dinner for their partner?,FALSE,TRUE,TRUE,TRUE,FALSE,FALSE,FALSE
Who is more likely to write a heartfelt love letter?,FALSE,TRUE,TRUE,TRUE,FALSE,FALSE,FALSE
Who is more likely to get morbidly obese on day?,FALSE,FALSE,TRUE,FALSE,TRUE,FALSE,FALSE
"Who would be the first to say ""I love you"" in a relationship?",FALSE,TRUE,TRUE,TRUE,FALSE,FALSE,FALSE
Who is more likely to initiate a spontaneous slow dance?,FALSE,TRUE,TRUE,FALSE,FALSE,FALSE,FALSE
Who is more likely to remember important dates like anniversaries and birthdays?,FALSE,FALSE,TRUE,TRUE,FALSE,FALSE,FALSE
Who is more likely to forget important dates like anniversaries and birthdays?,FALSE,FALSE,TRUE,TRUE,FALSE,FALSE,FALSE
Who is more likely to make a romantic playlist for their partner?,FALSE,FALSE,TRUE,FALSE,FALSE,FALSE,FALSE
Who is more likely to leave cute love notes for their partner to find?,FALSE,TRUE,TRUE,TRUE,FALSE,FALSE,FALSE
Who is more likely to give the most thoughtful gifts?,FALSE,FALSE,TRUE,FALSE,FALSE,FALSE,FALSE
Who is more likely to plan a fun and unique date night?,FALSE,FALSE,TRUE,FALSE,FALSE,FALSE,FALSE
Who is more likely to be the best listener in a relationship?,FALSE,TRUE,TRUE,TRUE,FALSE,FALSE,FALSE
Who has the best handshake?,TRUE,FALSE,FALSE,TRUE,FALSE,FALSE,FALSE
Who has the firmest handshake?,TRUE,FALSE,FALSE,TRUE,FALSE,FALSE,FALSE
Who is more likely to watch a romantic movie just because their partner loves it?,FALSE,FALSE,TRUE,FALSE,FALSE,FALSE,FALSE
Who is more likely to propose in a creative and memorable way?,FALSE,FALSE,TRUE,FALSE,FALSE,FALSE,FALSE
"Who is more likely to enjoy long, deep conversations with their partner?",FALSE,FALSE,TRUE,FALSE,FALSE,FALSE,FALSE
Who is more likely to go above and beyond to make their partner feel special?,FALSE,FALSE,TRUE,FALSE,FALSE,FALSE,FALSE
Who is more likely to send sweet good morning and good night texts?,FALSE,FALSE,TRUE,FALSE,FALSE,FALSE,FALSE
Who is more likely to be the most supportive partner during tough times?,FALSE,FALSE,TRUE,FALSE,FALSE,FALSE,FALSE
Who is more likely to take care of their partner when they're sick?,FALSE,FALSE,TRUE,FALSE,FALSE,FALSE,FALSE
Who is more likely to express their love through acts of service?,FALSE,FALSE,TRUE,FALSE,FALSE,FALSE,FALSE
"Who is more likely to plan a special day for their partner ""just because""?",FALSE,FALSE,TRUE,FALSE,FALSE,FALSE,FALSE
Who is more likely to be the most affectionate partner?,FALSE,FALSE,TRUE,FALSE,FALSE,FALSE,FALSE
Who is more likely to be the most patient and understanding in a relationship?,FALSE,FALSE,TRUE,FALSE,FALSE,FALSE,FALSE
Who is more likely to give the most meaningful compliments?,FALSE,FALSE,TRUE,FALSE,FALSE,FALSE,FALSE
Who is more likely to be the most adventurous and open to trying new things with their partner?,FALSE,FALSE,TRUE,FALSE,FALSE,FALSE,FALSE
Who is more likely to be the best at keeping the romance alive in a long-term relationship?,FALSE,FALSE,TRUE,FALSE,FALSE,FALSE,FALSE
Who is more likely to be the most loyal and committed partner?,FALSE,FALSE,TRUE,FALSE,FALSE,FALSE,FALSE
Who is more likely to be the most empathetic and compassionate in a relationship?,FALSE,FALSE,TRUE,FALSE,FALSE,FALSE,FALSE
Who is more likely to be the most optimistic and positive influence on their partner?,FALSE,FALSE,TRUE,FALSE,FALSE,FALSE,FALSE
Who is more likely to be the most willing to grow and learn together with their partner?,FALSE,FALSE,TRUE,FALSE,FALSE,FALSE,FALSE
Who is more likely to forget an anniversary?,FALSE,FALSE,TRUE,FALSE,FALSE,FALSE,FALSE
Who is the better cook?,FALSE,FALSE,TRUE,FALSE,FALSE,FALSE,FALSE
Who is more likely to cry during a romantic movie?,FALSE,FALSE,TRUE,FALSE,FALSE,FALSE,FALSE
Who is more likely to initiate a spontaneous trip?,FALSE,FALSE,TRUE,FALSE,FALSE,FALSE,FALSE
Who is more likely to fall asleep during a movie night?,FALSE,FALSE,TRUE,FALSE,FALSE,FALSE,FALSE
Who is more likely to try a new hobby together?,FALSE,FALSE,TRUE,FALSE,FALSE,FALSE,FALSE
Who is more likely to send a sweet text message during the day?,FALSE,FALSE,TRUE,FALSE,FALSE,FALSE,FALSE
Who is more likely to suggest a couple's workout routine?,FALSE,FALSE,TRUE,FALSE,FALSE,FALSE,FALSE
Who is more likely to plan a weekend getaway?,FALSE,FALSE,TRUE,FALSE,FALSE,FALSE,FALSE
Who is more likely to be the first to apologize after an argument?,FALSE,FALSE,TRUE,FALSE,FALSE,FALSE,FALSE
Who is more likely to initiate a deep conversation about life?,FALSE,FALSE,TRUE,FALSE,FALSE,FALSE,FALSE
Who is more likely to bring home a surprise gift?,FALSE,FALSE,TRUE,FALSE,FALSE,FALSE,FALSE
Who is more likely to suggest trying a new restaurant?,FALSE,FALSE,TRUE,FALSE,FALSE,FALSE,FALSE
Who is more likely to organize a romantic picnic?,FALSE,FALSE,TRUE,FALSE,FALSE,FALSE,FALSE
Who is more likely to remember the small details about the other person?,FALSE,FALSE,TRUE,FALSE,FALSE,FALSE,FALSE
Who is more likely to give a spontaneous hug or kiss?,FALSE,FALSE,TRUE,FALSE,FALSE,FALSE,FALSE
Who is more likely to suggest a game night with friends?,FALSE,FALSE,TRUE,FALSE,FALSE,FALSE,FALSE
Who is more likely to propose a unique date idea?,FALSE,FALSE,TRUE,FALSE,FALSE,FALSE,FALSE
Who is more likely to be the better listener?,FALSE,FALSE,TRUE,FALSE,FALSE,FALSE,FALSE
Who is more likely to plan a themed date night?,FALSE,FALSE,TRUE,FALSE,FALSE,FALSE,FALSE
Who is more likely to remember the other person's favorite food?,FALSE,FALSE,TRUE,FALSE,FALSE,FALSE,FALSE
Who is more likely to suggest a couple's spa day?,FALSE,FALSE,TRUE,FALSE,FALSE,FALSE,FALSE
Who is more likely to give a thoughtful compliment?,FALSE,TRUE,TRUE,FALSE,FALSE,FALSE,FALSE
Who is more likely to suggest a fun outdoor activity?,FALSE,FALSE,TRUE,FALSE,FALSE,FALSE,FALSE
Who is more likely to plan a surprise party for the other person?,FALSE,FALSE,TRUE,FALSE,FALSE,FALSE,FALSE
Who is more likely to express their love through actions rather than words?,FALSE,FALSE,TRUE,FALSE,FALSE,FALSE,FALSE
Who is more likely to take the lead in making decisions for the couple?,FALSE,FALSE,TRUE,FALSE,FALSE,FALSE,FALSE
Who is more likely to plan a romantic breakfast in bed?,FALSE,FALSE,TRUE,FALSE,FALSE,FALSE,FALSE
Who is more likely to initiate a cuddle session on the couch?,FALSE,FALSE,TRUE,FALSE,FALSE,FALSE,FALSE
Who is most likely to fart in front of people unintentionally?,FALSE,FALSE,FALSE,FALSE,TRUE,FALSE,FALSE
Who is most likely to be good at it?,FALSE,FALSE,FALSE,FALSE,FALSE,TRUE,FALSE
Who is the smartes?,FALSE,FALSE,FALSE,TRUE,FALSE,FALSE,FALSE
Who is most likely to date someone just for the free rides?,FALSE,FALSE,FALSE,FALSE,FALSE,TRUE,FALSE
Who is most likely to have a weird fetish?,FALSE,FALSE,FALSE,FALSE,FALSE,TRUE,FALSE
Who can speak more languages?,TRUE,TRUE,FALSE,FALSE,FALSE,FALSE,FALSE
Who is most likely to be arrested before?,FALSE,FALSE,FALSE,FALSE,TRUE,FALSE,FALSE
Who is most likely to change the teams for good?,FALSE,FALSE,FALSE,FALSE,FALSE,TRUE,FALSE
Who is most likely to try changing a teams (at least for a short while)?,FALSE,FALSE,FALSE,FALSE,FALSE,TRUE,FALSE
Who is the least likely to become a millionaire?,FALSE,FALSE,FALSE,TRUE,FALSE,FALSE,FALSE
Who is the most likely to win the lottery?,FALSE,FALSE,FALSE,TRUE,FALSE,FALSE,FALSE
Who is most likely to show their middle finger to their boss?,FALSE,FALSE,FALSE,FALSE,TRUE,FALSE,FALSE
Who is most likely to through up in a party?,FALSE,FALSE,FALSE,FALSE,TRUE,FALSE,FALSE
Who is most likely to blackout in a party?,FALSE,FALSE,FALSE,FALSE,TRUE,FALSE,FALSE
Who is most likely to hookup with a random stranger?,FALSE,FALSE,FALSE,FALSE,FALSE,TRUE,FALSE
Who has the deepest voice?,FALSE,FALSE,FALSE,TRUE,FALSE,FALSE,FALSE
Who is most terrifying when angry?,FALSE,TRUE,FALSE,TRUE,FALSE,FALSE,FALSE
Who is the nigh owl?,FALSE,TRUE,FALSE,TRUE,FALSE,FALSE,FALSE
Who drinks more coffee furing the day?,FALSE,FALSE,FALSE,TRUE,FALSE,FALSE,FALSE
Who is most likely to lie in a game?,FALSE,FALSE,FALSE,TRUE,FALSE,FALSE,FALSE
Who is mostl likely to have one too many drinks?,FALSE,FALSE,FALSE,FALSE,TRUE,FALSE,FALSE
Who in the room is most likely to have a secret tattoo and where?,FALSE,FALSE,FALSE,FALSE,FALSE,TRUE,FALSE
Who would be most willing to try skinny dipping in public?,FALSE,FALSE,FALSE,FALSE,FALSE,TRUE,FALSE
Who has had the most adventurous experience in a public place?,FALSE,FALSE,FALSE,FALSE,TRUE,FALSE,FALSE
Who is most likely to have a hidden piercing?,FALSE,FALSE,FALSE,FALSE,FALSE,TRUE,FALSE
Who in the room would be the most daring with role-playing in a relationship?,FALSE,FALSE,FALSE,FALSE,FALSE,TRUE,FALSE
Who is most likely to have sent a risqu√© text to the wrong person?,FALSE,FALSE,FALSE,FALSE,FALSE,TRUE,FALSE
Who has had a crush on someone else in the room?,FALSE,FALSE,FALSE,FALSE,FALSE,TRUE,FALSE
Who is most likely to have had a friends-with-benefits arrangement?,FALSE,FALSE,FALSE,FALSE,FALSE,TRUE,FALSE
Who is the most likely to have tried online dating apps for casual encounters?,FALSE,FALSE,FALSE,FALSE,FALSE,TRUE,FALSE
Who would be most open to a polyamorous relationship?,FALSE,FALSE,FALSE,FALSE,FALSE,TRUE,FALSE
Who has the most extensive collection of lingerie or exotic clothing?,FALSE,FALSE,FALSE,FALSE,FALSE,TRUE,FALSE
Who in the room is most likely to have had a one-night stand while traveling?,FALSE,FALSE,FALSE,FALSE,FALSE,TRUE,FALSE
Who is most likely to have a diary or journal filled with secret fantasies?,FALSE,FALSE,FALSE,FALSE,FALSE,TRUE,FALSE
Who has gone on the most blind dates?,FALSE,FALSE,FALSE,FALSE,FALSE,TRUE,FALSE
Who is most likely to engage in public displays of affection?,FALSE,FALSE,FALSE,FALSE,FALSE,TRUE,FALSE
Who in the room would consider themselves the most experimental in their intimate life?,FALSE,FALSE,FALSE,FALSE,FALSE,TRUE,FALSE
Who has the most surprising celebrity crush?,FALSE,FALSE,FALSE,FALSE,TRUE,FALSE,FALSE
Who is most likely to have a secret admirer?,FALSE,FALSE,FALSE,FALSE,FALSE,TRUE,FALSE
Who is the biggest flirt in the room?,FALSE,FALSE,FALSE,FALSE,FALSE,TRUE,FALSE
Who in the room is most likely to have an interesting story about meeting a partner in an unusual way?,FALSE,FALSE,FALSE,FALSE,FALSE,TRUE,FALSE
Who is most likely to have a secret fantasy they've never shared with anyone?,FALSE,FALSE,FALSE,FALSE,FALSE,TRUE,FALSE
Who would be most daring in trying out a new sensual massage technique?,FALSE,FALSE,FALSE,FALSE,FALSE,TRUE,FALSE
"Who in the room is most likely to have joined the ""Mile High Club""?",FALSE,FALSE,FALSE,FALSE,FALSE,TRUE,FALSE
Who has had the most unusual place for a romantic encounter?,FALSE,FALSE,FALSE,FALSE,FALSE,TRUE,FALSE
Who is most likely to have had a summer fling that no one knows about?,FALSE,FALSE,FALSE,FALSE,FALSE,TRUE,FALSE
Who would be the first to try out a nudist beach?,FALSE,FALSE,FALSE,FALSE,FALSE,TRUE,FALSE
Who in the room has the most surprising turn-on?,FALSE,FALSE,FALSE,FALSE,FALSE,TRUE,FALSE
Who is most likely to have had an affair with a celebrity?,FALSE,FALSE,FALSE,FALSE,FALSE,TRUE,FALSE
Who has the most adventurous story about a date gone unexpectedly?,FALSE,FALSE,FALSE,FALSE,FALSE,TRUE,FALSE
Who is most likely to have a hidden collection of adult toys?,FALSE,FALSE,FALSE,FALSE,FALSE,TRUE,FALSE
Who would be the most likely to experiment with an open relationship?,FALSE,FALSE,FALSE,FALSE,FALSE,TRUE,FALSE
Who in the room has the most experience with blindfolds or handcuffs?,FALSE,FALSE,FALSE,FALSE,FALSE,TRUE,FALSE
Who is the most likely to have had a secret relationship with someone famous?,FALSE,FALSE,FALSE,FALSE,FALSE,TRUE,FALSE
Who has had the wildest bachelor or bachelorette party experience?,FALSE,FALSE,FALSE,FALSE,FALSE,TRUE,FALSE
Who is most likely to write an anonymous love letter?,FALSE,FALSE,FALSE,FALSE,FALSE,TRUE,FALSE
Who in the room would be the most adventurous in trying out a new sensual dance?,FALSE,FALSE,FALSE,FALSE,FALSE,TRUE,FALSE
Who has the best story about a romantic encounter gone hilariously wrong?,FALSE,FALSE,FALSE,FALSE,FALSE,TRUE,FALSE
Who is most likely to have tried making a home romantic movie?,FALSE,FALSE,FALSE,FALSE,FALSE,TRUE,FALSE
Who in the room would you suspect of having a wild alter ego?,FALSE,FALSE,FALSE,FALSE,FALSE,TRUE,FALSE
Who is most likely to have had the most romantic encounter in an exotic location?,FALSE,FALSE,FALSE,FALSE,FALSE,TRUE,FALSE
Who is most likely to be secret agent?,FALSE,FALSE,FALSE,TRUE,FALSE,FALSE,FALSE
Who is the most secretive?,FALSE,FALSE,FALSE,TRUE,FALSE,FALSE,FALSE
Who lies the most?,FALSE,FALSE,FALSE,TRUE,FALSE,FALSE,FALSE
Who has had the most partners in one year?,FALSE,FALSE,FALSE,TRUE,FALSE,FALSE,FALSE
Who is most likely to get into a fist fight?,FALSE,FALSE,FALSE,TRUE,FALSE,FALSE,FALSE
Who is most likely to have a stalker?,FALSE,FALSE,FALSE,FALSE,TRUE,FALSE,FALSE
Who has the most scandalous secret they are willing to share?,FALSE,FALSE,FALSE,FALSE,FALSE,FALSE,FALSE
Who is most likely to fall in love with someone from a completely different culture?,FALSE,TRUE,FALSE,TRUE,FALSE,FALSE,FALSE
Who in the room would be the most adventurous in trying out a new lifestyle or trend for love?,FALSE,TRUE,FALSE,FALSE,FALSE,FALSE,FALSE
Who has the best story about an unexpected romantic gesture they received?,FALSE,TRUE,FALSE,TRUE,FALSE,FALSE,FALSE
Who is most likely to have an interesting story about a celebrity encounter?,FALSE,TRUE,FALSE,TRUE,FALSE,FALSE,FALSE
"Who in the room is the best at giving relationship advice, but is surprisingly single?",FALSE,TRUE,FALSE,TRUE,FALSE,FALSE,FALSE
Who is most likely to become famous on a social media platform?,FALSE,TRUE,FALSE,FALSE,FALSE,FALSE,FALSE
Who would dare to start a trendy challenge that goes viral?,FALSE,TRUE,FALSE,TRUE,FALSE,FALSE,FALSE
Who in the room has had the most epic fail while trying to impress a crush?,FALSE,TRUE,FALSE,TRUE,FALSE,FALSE,FALSE
Who is most likely to have a secret blog or vlog that no one knows about?,FALSE,TRUE,FALSE,TRUE,FALSE,FALSE,FALSE
Who has the best story about an online friendship turning into something more?,FALSE,TRUE,FALSE,FALSE,FALSE,FALSE,FALSE
Who would be the first to try an extreme sport for a TikTok or Instagram video?,FALSE,TRUE,FALSE,TRUE,FALSE,FALSE,FALSE
Who in the room is most likely to have ghosted someone they met online?,FALSE,TRUE,FALSE,FALSE,FALSE,FALSE,FALSE
"Who is most likely to have a quirky, unconventional fashion sense?",FALSE,TRUE,FALSE,TRUE,FALSE,FALSE,FALSE
Who has the most dramatic story about a misunderstanding sent via text or DM?,FALSE,TRUE,FALSE,TRUE,FALSE,FALSE,FALSE
Who is most likely to become an influencer in a niche or unusual field?,FALSE,TRUE,FALSE,TRUE,FALSE,FALSE,FALSE
Who would be the most willing to travel to another country to meet an online friend or love interest?,FALSE,TRUE,FALSE,FALSE,FALSE,FALSE,FALSE
Who in the room has the most interesting story about getting out of the friend zone?,FALSE,TRUE,FALSE,TRUE,FALSE,FALSE,FALSE
Who is most likely to have a crush on a fictional character?,FALSE,TRUE,FALSE,TRUE,FALSE,FALSE,FALSE
Who has the funniest story about a misadventure with a DIY project or home experiment?,FALSE,TRUE,FALSE,FALSE,FALSE,FALSE,FALSE
Who is most likely to participate in a social experiment for the experience?,FALSE,TRUE,FALSE,TRUE,FALSE,FALSE,FALSE
Who in the room is the best at decoding emojis and text lingo?,FALSE,TRUE,FALSE,TRUE,FALSE,FALSE,FALSE
Who has the best story about a misunderstanding due to autocorrect?,FALSE,TRUE,FALSE,TRUE,FALSE,FALSE,FALSE
Who is most likely to start a podcast or YouTube channel about their life experiences?,FALSE,TRUE,FALSE,FALSE,FALSE,FALSE,FALSE
Who in the room is most likely to have an embarrassing username from their early internet days?,FALSE,TRUE,FALSE,TRUE,FALSE,FALSE,FALSE
Who is most likely to have tried the most trending food or drink fads?,FALSE,TRUE,FALSE,FALSE,FALSE,FALSE,FALSE
Who would have most likely gone to a gay club?,FALSE,FALSE,FALSE,FALSE,FALSE,TRUE,FALSE
Who would most likely love to spread rumors?,FALSE,FALSE,FALSE,FALSE,TRUE,FALSE,FALSE
,,,,,,,
,,,,,,,
,,,,,,,
,,,,,,,
,,,,,,,
,,,,,,,
,,,,,,,
,,,,,,,
,,,,,,,
,,,,,,,
,,,,,,,
,,,,,,,
,,,,,,,
,,,,,,,
,,,,,,,
,,,,,,,
,,,,,,,
,,,,,,,
,,,,,,,
,,,,,,,
,,,,,,,
,,,,,,,
,,,,,,,
,,,,,,,
,,,,,,,
,,,,,,,
,,,,,,,
,,,,,,,
,,,,,,,
,,,,,,,
,,,,,,,
,,,,,,,
,,,,,,,
,,,,,,,
,,,,,,,
,,,,,,,
,,,,,,,
,,,,,,,
,,,,,,,
,,,,,,,
,,,,,,,
,,,,,,,
,,,,,,,
,,,,,,,
,,,,,,,
,,,,,,,
,,,,,,,
,,,,,,,
,,,,,,,
,,,,,,,
,,,,,,,
,,,,,,,
,,,,,,,
,,,,,,,
,,,,,,,
,,,,,,,
,,,,,,,
,,,,,,,
,,,,,,,
,,,,,,,
,,,,,,,
,,,,,,,
,,,,,,,
,,,,,,,
,,,,,,,
,,,,,,,
,,,,,,,
,,,,,,,
,,,,,,,
,90,231,61,143,29,97,46